{"cameraMode":{"drawMode":0,"name":"Shaded","section":"Shading Mode"},"sceneLighting":true,"audioPlay":false,"sceneViewState":{"m_AlwaysRefresh":false,"showFog":true,"showSkybox":true,"showFlares":true,"showImageEffects":true,"showParticleSystems":true,"showVisualEffectGraphs":true,"m_FxEnabled":true},"in2DMode":false,"pivot":{"x":-16.937461853027345,"y":0.37656718492507937,"z":23.428424835205079},"rotation":{"x":-0.1693553477525711,"y":0.6863681077957153,"z":-0.16931352019309998,"w":-0.6867948770523071},"size":1.1000932455062867,"orthographic":false}