{"cameraMode":{"drawMode":0,"name":"Shaded","section":"Shading Mode"},"sceneLighting":true,"audioPlay":true,"sceneViewState":{"m_AlwaysRefresh":false,"showFog":true,"showSkybox":true,"showFlares":true,"showImageEffects":true,"showParticleSystems":true,"showVisualEffectGraphs":true,"m_FxEnabled":true},"in2DMode":false,"pivot":{"x":3.5613338947296144,"y":1.7061047554016114,"z":2.6118593215942385},"rotation":{"x":-0.24321772158145905,"y":0.6594416499137878,"z":-0.2394528090953827,"w":-0.6698112487792969},"size":0.8660253882408142,"orthographic":false}