{"cameraMode":{"drawMode":0,"name":"Shaded","section":"Shading Mode"},"sceneLighting":true,"audioPlay":false,"sceneViewState":{"m_AlwaysRefresh":false,"showFog":true,"showSkybox":true,"showFlares":true,"showImageEffects":true,"showParticleSystems":true,"showVisualEffectGraphs":true,"m_FxEnabled":false},"in2DMode":false,"pivot":{"x":16.578378677368165,"y":11.933145523071289,"z":0.4067533016204834},"rotation":{"x":-0.33552953600883486,"y":-0.0303110983222723,"z":0.011274423450231552,"w":-0.9418061375617981},"size":8.478049278259278,"orthographic":false}