{"cameraMode":{"drawMode":0,"name":"Shaded","section":"Shading Mode"},"sceneLighting":true,"audioPlay":true,"sceneViewState":{"m_AlwaysRefresh":false,"showFog":true,"showSkybox":true,"showFlares":true,"showImageEffects":true,"showParticleSystems":true,"showVisualEffectGraphs":true,"m_FxEnabled":true},"in2DMode":false,"pivot":{"x":56.889644622802737,"y":5.865865707397461,"z":40.32480239868164},"rotation":{"x":-0.017149679362773896,"y":-0.9792561531066895,"z":0.18291990458965302,"w":-0.08652487397193909},"size":2.7461700439453127,"orthographic":false}